Ref,Val,Package,PosX,PosY,Rot,Side
"C13","100nF","C_0603_1608Metric",-89.088000,-46.650000,180.000000,bottom
"C14","100nF","C_0603_1608Metric",-87.564000,-59.096000,180.000000,bottom
"J12","Conn_02x06_Odd_Even","PinSocket_2x06_P2.54mm_Vertical",-97.470000,-46.650000,180.000000,bottom
"U2","TMAG511x","SOT-23-5",-87.500000,-43.400000,180.000000,bottom
"U3","TMAG511x","SOT-23-5",-87.500000,-62.600000,180.000000,bottom
